-- ATSデモ シードデータ
-- schema.sql 適用後に実行

-- 求人 3件
insert into jobs (id, title, employment_type, location, salary_range, description, status) values
  ('00000000-0000-0000-0000-000000000001', '営業職(法人営業)', '正社員', '名古屋市中区', '400万〜550万円', '既存顧客のフォローと新規開拓。法人向けサービスの提案営業をお任せします。', '公開中'),
  ('00000000-0000-0000-0000-000000000002', '経理スタッフ', '正社員', '名古屋市中区', '350万〜450万円', '月次決算・請求管理・経費精算などの経理業務全般。', '公開中'),
  ('00000000-0000-0000-0000-000000000003', '店舗スタッフ', 'アルバイト', '名古屋市千種区', '時給1,200円〜', '接客・レジ・品出しなどの店舗運営業務。', '停止');

-- 候補者 15名(ステージ分布: 応募4/書類選考3/一次面接3/最終面接2/内定1/入社1/不採用1)
insert into candidates (id, name, kana, email, phone, job_id, source, stage, resume_filename, applied_at) values
  ('10000000-0000-0000-0000-000000000001', '佐藤 健太', 'さとう けんた', 'sato.kenta@example.com', '090-1111-0001', '00000000-0000-0000-0000-000000000001', '求人媒体', '応募', 'resume_sato.pdf', '2026-07-10'),
  ('10000000-0000-0000-0000-000000000002', '鈴木 美咲', 'すずき みさき', 'suzuki.misaki@example.com', '090-1111-0002', '00000000-0000-0000-0000-000000000002', '直接応募', '応募', 'resume_suzuki.pdf', '2026-07-08'),
  ('10000000-0000-0000-0000-000000000003', '高橋 大輔', 'たかはし だいすけ', 'takahashi.d@example.com', '090-1111-0003', '00000000-0000-0000-0000-000000000001', '人材紹介', '応募', 'resume_takahashi.pdf', '2026-07-12'),
  ('10000000-0000-0000-0000-000000000004', '田中 彩香', 'たなか あやか', 'tanaka.ayaka@example.com', '090-1111-0004', '00000000-0000-0000-0000-000000000003', '求人媒体', '応募', null, '2026-07-11'),
  ('10000000-0000-0000-0000-000000000005', '伊藤 翔太', 'いとう しょうた', 'ito.shota@example.com', '090-1111-0005', '00000000-0000-0000-0000-000000000001', '求人媒体', '書類選考', 'resume_ito.pdf', '2026-07-01'),
  ('10000000-0000-0000-0000-000000000006', '渡辺 由美', 'わたなべ ゆみ', 'watanabe.yumi@example.com', '090-1111-0006', '00000000-0000-0000-0000-000000000002', 'リファラル', '書類選考', 'resume_watanabe.pdf', '2026-06-28'),
  ('10000000-0000-0000-0000-000000000007', '山本 拓也', 'やまもと たくや', 'yamamoto.t@example.com', '090-1111-0007', '00000000-0000-0000-0000-000000000001', '求人媒体', '書類選考', 'resume_yamamoto.pdf', '2026-07-03'),
  ('10000000-0000-0000-0000-000000000008', '中村 沙織', 'なかむら さおり', 'nakamura.s@example.com', '090-1111-0008', '00000000-0000-0000-0000-000000000002', '人材紹介', '一次面接', 'resume_nakamura.pdf', '2026-06-20'),
  ('10000000-0000-0000-0000-000000000009', '小林 亮', 'こばやし りょう', 'kobayashi.r@example.com', '090-1111-0009', '00000000-0000-0000-0000-000000000001', '直接応募', '一次面接', 'resume_kobayashi.pdf', '2026-06-15'),
  ('10000000-0000-0000-0000-000000000010', '加藤 菜々子', 'かとう ななこ', 'kato.nanako@example.com', '090-1111-0010', '00000000-0000-0000-0000-000000000003', '求人媒体', '一次面接', null, '2026-06-25'),
  ('10000000-0000-0000-0000-000000000011', '吉田 慎一', 'よしだ しんいち', 'yoshida.s@example.com', '090-1111-0011', '00000000-0000-0000-0000-000000000001', '人材紹介', '最終面接', 'resume_yoshida.pdf', '2026-06-05'),
  ('10000000-0000-0000-0000-000000000012', '山田 香織', 'やまだ かおり', 'yamada.kaori@example.com', '090-1111-0012', '00000000-0000-0000-0000-000000000002', '求人媒体', '最終面接', 'resume_yamada.pdf', '2026-06-10'),
  ('10000000-0000-0000-0000-000000000013', '佐々木 悠人', 'ささき ゆうと', 'sasaki.yuto@example.com', '090-1111-0013', '00000000-0000-0000-0000-000000000001', 'リファラル', '内定', 'resume_sasaki.pdf', '2026-05-25'),
  ('10000000-0000-0000-0000-000000000014', '松本 恵理', 'まつもと えり', 'matsumoto.eri@example.com', '090-1111-0014', '00000000-0000-0000-0000-000000000002', '人材紹介', '入社', 'resume_matsumoto.pdf', '2026-05-15'),
  ('10000000-0000-0000-0000-000000000015', '井上 剛', 'いのうえ つよし', 'inoue.tsuyoshi@example.com', '090-1111-0015', '00000000-0000-0000-0000-000000000001', '求人媒体', '不採用', 'resume_inoue.pdf', '2026-05-20');

-- メモ
insert into notes (candidate_id, author, body, created_at) values
  ('10000000-0000-0000-0000-000000000005', '採用担当', '営業経験5年。書類の印象は良い。', '2026-07-02 10:00+09'),
  ('10000000-0000-0000-0000-000000000006', '採用担当', '社員の紹介。簿記2級保有。', '2026-06-29 14:00+09'),
  ('10000000-0000-0000-0000-000000000008', '採用担当', '一次面接: 受け答えが明確。実務経験も十分。', '2026-06-27 16:30+09'),
  ('10000000-0000-0000-0000-000000000009', '採用担当', '一次面接調整中。平日夜希望とのこと。', '2026-06-18 09:00+09'),
  ('10000000-0000-0000-0000-000000000011', '社長', '最終面接前に条件面の希望を確認しておくこと。', '2026-06-20 11:00+09'),
  ('10000000-0000-0000-0000-000000000012', '採用担当', '最終面接: 7/16 15:00 予定。', '2026-07-05 13:00+09'),
  ('10000000-0000-0000-0000-000000000013', '採用担当', '内定通知済み。回答期限 7/20。', '2026-07-01 10:00+09'),
  ('10000000-0000-0000-0000-000000000014', '採用担当', '6/1 入社。オンボーディング完了。', '2026-06-02 09:30+09'),
  ('10000000-0000-0000-0000-000000000015', '採用担当', '一次面接の結果、経験レベルが要件と合わず見送り。', '2026-06-01 17:00+09');

-- 選考履歴(代表的な流れのみ。全員分の完全な履歴は不要)
insert into stage_history (candidate_id, from_stage, to_stage, changed_at) values
  ('10000000-0000-0000-0000-000000000005', null, '応募', '2026-07-01 09:00+09'),
  ('10000000-0000-0000-0000-000000000005', '応募', '書類選考', '2026-07-02 10:00+09'),
  ('10000000-0000-0000-0000-000000000008', null, '応募', '2026-06-20 09:00+09'),
  ('10000000-0000-0000-0000-000000000008', '応募', '書類選考', '2026-06-22 10:00+09'),
  ('10000000-0000-0000-0000-000000000008', '書類選考', '一次面接', '2026-06-25 15:00+09'),
  ('10000000-0000-0000-0000-000000000011', null, '応募', '2026-06-05 09:00+09'),
  ('10000000-0000-0000-0000-000000000011', '応募', '書類選考', '2026-06-08 10:00+09'),
  ('10000000-0000-0000-0000-000000000011', '書類選考', '一次面接', '2026-06-12 14:00+09'),
  ('10000000-0000-0000-0000-000000000011', '一次面接', '最終面接', '2026-06-22 16:00+09'),
  ('10000000-0000-0000-0000-000000000013', null, '応募', '2026-05-25 09:00+09'),
  ('10000000-0000-0000-0000-000000000013', '応募', '書類選考', '2026-05-27 10:00+09'),
  ('10000000-0000-0000-0000-000000000013', '書類選考', '一次面接', '2026-06-02 14:00+09'),
  ('10000000-0000-0000-0000-000000000013', '一次面接', '最終面接', '2026-06-12 15:00+09'),
  ('10000000-0000-0000-0000-000000000013', '最終面接', '内定', '2026-06-28 17:00+09'),
  ('10000000-0000-0000-0000-000000000014', null, '応募', '2026-05-15 09:00+09'),
  ('10000000-0000-0000-0000-000000000014', '応募', '書類選考', '2026-05-17 10:00+09'),
  ('10000000-0000-0000-0000-000000000014', '書類選考', '一次面接', '2026-05-20 14:00+09'),
  ('10000000-0000-0000-0000-000000000014', '一次面接', '最終面接', '2026-05-25 15:00+09'),
  ('10000000-0000-0000-0000-000000000014', '最終面接', '内定', '2026-05-28 17:00+09'),
  ('10000000-0000-0000-0000-000000000014', '内定', '入社', '2026-06-01 09:00+09'),
  ('10000000-0000-0000-0000-000000000015', null, '応募', '2026-05-20 09:00+09'),
  ('10000000-0000-0000-0000-000000000015', '応募', '書類選考', '2026-05-22 10:00+09'),
  ('10000000-0000-0000-0000-000000000015', '書類選考', '一次面接', '2026-05-28 14:00+09'),
  ('10000000-0000-0000-0000-000000000015', '一次面接', '不採用', '2026-06-01 17:00+09');
